"Timestamp","Total score","نام؟","نام؟ [Score]","نام؟ [Feedback]","نام خانوادگی؟","نام خانوادگی؟ [Score]","نام خانوادگی؟ [Feedback]","شماره تماس؟(ملاک شناسایی شما شماره تماس میباشد از اولین مسابقه تنها یک شماره تماس و به یک صورت وارد کنید.)","شماره تماس؟(ملاک شناسایی شما شماره تماس میباشد از اولین مسابقه تنها یک شماره تماس و به یک صورت وارد کنید.) [Score]","شماره تماس؟(ملاک شناسایی شما شماره تماس میباشد از اولین مسابقه تنها یک شماره تماس و به یک صورت وارد کنید.) [Feedback]","تفاوت بین رهبران الهی و رهبران سیاستمدار جهانی در چیست؟","تفاوت بین رهبران الهی و رهبران سیاستمدار جهانی در چیست؟ [Score]","تفاوت بین رهبران الهی و رهبران سیاستمدار جهانی در چیست؟ [Feedback]","منظور از (( سمع )) در آیه شرفه که میفرماید (( سَمِعْنَا وَأَطَعْنَا )) چیست؟","منظور از (( سمع )) در آیه شرفه که میفرماید (( سَمِعْنَا وَأَطَعْنَا )) چیست؟ [Score]","منظور از (( سمع )) در آیه شرفه که میفرماید (( سَمِعْنَا وَأَطَعْنَا )) چیست؟ [Feedback]","مراد و منظور از تعصب چیست؟","مراد و منظور از تعصب چیست؟ [Score]","مراد و منظور از تعصب چیست؟ [Feedback]","چرا ایمان متعصبانه و مقلدانه قیمتی ندارد؟","چرا ایمان متعصبانه و مقلدانه قیمتی ندارد؟ [Score]","چرا ایمان متعصبانه و مقلدانه قیمتی ندارد؟ [Feedback]","چگونه میتوان از زائل شدن ایمان ها جلوگیری کرد؟","چگونه میتوان از زائل شدن ایمان ها جلوگیری کرد؟ [Score]","چگونه میتوان از زائل شدن ایمان ها جلوگیری کرد؟ [Feedback]","منظور از از (( اولی الالباب)) در آیه شریفه که میفرماید (( إِنَّ فِي خَلْقِ السَّمَاوَاتِ وَالْأَرْضِ وَاخْتِلَافِ اللَّيْلِ وَالنَّهَارِ لَآيَاتٍ لِأُولِي الْأَلْبَابِ )) چیست؟","منظور از از (( اولی الالباب)) در آیه شریفه که میفرماید (( إِنَّ فِي خَلْقِ السَّمَاوَاتِ وَالْأَرْضِ وَاخْتِلَافِ اللَّيْلِ وَالنَّهَارِ لَآيَاتٍ لِأُولِي الْأَلْبَابِ )) چیست؟ [Score]","منظور از از (( اولی الالباب)) در آیه شریفه که میفرماید (( إِنَّ فِي خَلْقِ السَّمَاوَاتِ وَالْأَرْضِ وَاخْتِلَافِ اللَّيْلِ وَالنَّهَارِ لَآيَاتٍ لِأُولِي الْأَلْبَابِ )) چیست؟ [Feedback]","منظور از یاد خدا در آیه شریفه که میفرماید (( الَّذِينَ يَذْكُرُونَ اللَّهَ قِيَامًا وَقُعُودًا وَعَلَىٰ جُنُوبِهِمْ )) چیست؟","منظور از یاد خدا در آیه شریفه که میفرماید (( الَّذِينَ يَذْكُرُونَ اللَّهَ قِيَامًا وَقُعُودًا وَعَلَىٰ جُنُوبِهِمْ )) چیست؟ [Score]","منظور از یاد خدا در آیه شریفه که میفرماید (( الَّذِينَ يَذْكُرُونَ اللَّهَ قِيَامًا وَقُعُودًا وَعَلَىٰ جُنُوبِهِمْ )) چیست؟ [Feedback]","منظور از آتش (( نار )) در آیه شریفه که میفرماید (( سُبْحَانَكَ فَقِنَا عَذَابَ النَّارِ )) چیست؟","منظور از آتش (( نار )) در آیه شریفه که میفرماید (( سُبْحَانَكَ فَقِنَا عَذَابَ النَّارِ )) چیست؟ [Score]","منظور از آتش (( نار )) در آیه شریفه که میفرماید (( سُبْحَانَكَ فَقِنَا عَذَابَ النَّارِ )) چیست؟ [Feedback]","برای بهبود این طرح،در صورت امکان ما را از نظرات خود بهره مند سازید.","برای بهبود این طرح،در صورت امکان ما را از نظرات خود بهره مند سازید. [Score]","برای بهبود این طرح،در صورت امکان ما را از نظرات خود بهره مند سازید. [Feedback]"
"2021/04/16 5:00:24 PM GMT+4:30","8.00 / 8","محمدحسین","-- / 0","","درخشان ","-- / 0","","09127676413","-- / 0","","رهبران الهی به آنچه میگویند ایمان دارند و از همه ی پیروانشان در آن راه جلوتر حرکت میکنند.","1.00 / 1","","فهمیدن آنچه را که خدامعین کرده و فرستاده.","1.00 / 1","","همه موارد","1.00 / 1","","زیرا زائل شدنش هم به آسانی کسبِ خودِ ایمان تقلیدی،آسان است.","1.00 / 1","","افراد مومن را باید آگاه کرد و مایه ی آگاهی را در دل ها ولکر های آنان ایجاد کرد","1.00 / 1","","ب و ج صحیح است.","1.00 / 1","","به یاد خدا بودنِ فعال وعملی","1.00 / 1","","الف و ب صحیح است.","1.00 / 1","","درود بر شما","-- / 0",""
"2021/04/16 5:49:27 PM GMT+4:30","8.00 / 8","محمدرضا","-- / 0","","کریمی چشمه علی رضوی راد اصل","-- / 0","","9353979559","-- / 0","","رهبران الهی به آنچه میگویند ایمان دارند و از همه ی پیروانشان در آن راه جلوتر حرکت میکنند.","1.00 / 1","","فهمیدن آنچه را که خدامعین کرده و فرستاده.","1.00 / 1","","همه موارد","1.00 / 1","","زیرا زائل شدنش هم به آسانی کسبِ خودِ ایمان تقلیدی،آسان است.","1.00 / 1","","افراد مومن را باید آگاه کرد و مایه ی آگاهی را در دل ها ولکر های آنان ایجاد کرد","1.00 / 1","","ب و ج صحیح است.","1.00 / 1","","به یاد خدا بودنِ فعال وعملی","1.00 / 1","","الف و ب صحیح است.","1.00 / 1","","","-- / 0",""
"2021/04/16 5:52:16 PM GMT+4:30","8.00 / 8","شمس الله","-- / 0","","حیدری","-- / 0","","9104493516","-- / 0","","رهبران الهی به آنچه میگویند ایمان دارند و از همه ی پیروانشان در آن راه جلوتر حرکت میکنند.","1.00 / 1","","فهمیدن آنچه را که خدامعین کرده و فرستاده.","1.00 / 1","","همه موارد","1.00 / 1","","زیرا زائل شدنش هم به آسانی کسبِ خودِ ایمان تقلیدی،آسان است.","1.00 / 1","","افراد مومن را باید آگاه کرد و مایه ی آگاهی را در دل ها ولکر های آنان ایجاد کرد","1.00 / 1","","ب و ج صحیح است.","1.00 / 1","","به یاد خدا بودنِ فعال وعملی","1.00 / 1","","الف و ب صحیح است.","1.00 / 1","","","-- / 0",""
"2021/04/16 6:07:35 PM GMT+4:30","8.00 / 8","سیدعلی","-- / 0","","سیدین","-- / 0","","09363742664","-- / 0","","رهبران الهی به آنچه میگویند ایمان دارند و از همه ی پیروانشان در آن راه جلوتر حرکت میکنند.","1.00 / 1","","فهمیدن آنچه را که خدامعین کرده و فرستاده.","1.00 / 1","","همه موارد","1.00 / 1","","زیرا زائل شدنش هم به آسانی کسبِ خودِ ایمان تقلیدی،آسان است.","1.00 / 1","","افراد مومن را باید آگاه کرد و مایه ی آگاهی را در دل ها ولکر های آنان ایجاد کرد","1.00 / 1","","ب و ج صحیح است.","1.00 / 1","","به یاد خدا بودنِ فعال وعملی","1.00 / 1","","الف و ب صحیح است.","1.00 / 1","","","-- / 0",""
"2021/04/16 10:38:02 PM GMT+4:30","7.00 / 8","مهدیه ","-- / 0","","درخشان ","-- / 0","","09375893734 ","-- / 0","","همه موارد.","0.00 / 1","","فهمیدن آنچه را که خدامعین کرده و فرستاده.","1.00 / 1","","همه موارد","1.00 / 1","","زیرا زائل شدنش هم به آسانی کسبِ خودِ ایمان تقلیدی،آسان است.","1.00 / 1","","افراد مومن را باید آگاه کرد و مایه ی آگاهی را در دل ها ولکر های آنان ایجاد کرد","1.00 / 1","","ب و ج صحیح است.","1.00 / 1","","به یاد خدا بودنِ فعال وعملی","1.00 / 1","","الف و ب صحیح است.","1.00 / 1","","","-- / 0",""
"2021/04/17 5:04:12 AM GMT+4:30","6.00 / 8","محمد ولی","-- / 0","","نیکزاد","-- / 0","","09922841933","-- / 0","","همه موارد.","0.00 / 1","","فهمیدن آنچه را که خدامعین کرده و فرستاده.","1.00 / 1","","همه موارد","1.00 / 1","","زیرا زائل شدنش هم به آسانی کسبِ خودِ ایمان تقلیدی،آسان است.","1.00 / 1","","افراد مومن را باید آگاه کرد و مایه ی آگاهی را در دل ها ولکر های آنان ایجاد کرد","1.00 / 1","","همه مردم در صورتی که فکر و هوششان را به کار بیندازند.","0.00 / 1","","به یاد خدا بودنِ فعال وعملی","1.00 / 1","","الف و ب صحیح است.","1.00 / 1","","","-- / 0",""